,0,1,2,Date
0,-27139.985533126128,16055.0950955362,10674.443578204711,2020-05-01
0,15547.093808590585,53333.882995960375,46454.88627135067,2020-05-04
0,6965.236640613059,48541.10741253849,43226.59291935347,2020-05-05
0,10250.482630335388,23188.80803770915,45537.085576319805,2020-05-06
0,10931.576014562168,5556.448372751793,36911.79833047908,2020-05-07
0,8660.683851498325,2041.3928139527052,49572.1422660076,2020-05-08
0,10826.02157807391,5963.047704243827,30308.496218466113,2020-05-11
0,-17368.654665542344,4132.374249091974,21100.234450021635,2020-05-12
0,-7095.641521054554,23978.10049879804,28066.62294189966,2020-05-13
0,7351.236029163441,55557.43747962448,35596.39577059613,2020-05-14
0,12560.868504153073,37643.702007406195,20724.442072595073,2020-05-15
0,9127.587327455314,26777.08509941363,15773.436259965369,2020-05-18
0,2016.2363055037636,6667.044440054841,20766.331702717445,2020-05-19
0,23275.265816724197,3946.6647475088635,22056.04805018621,2020-05-20
0,-10014.829175401228,-26159.12489927195,-4973.911800859099,2020-05-21
0,1433.5639704401033,-8964.169114766928,-8534.404893540966,2020-05-22
0,-10736.969715437557,3556.5357298511253,7607.178561085558,2020-05-26
0,-126.93235754465582,17976.277589428213,24767.19982656292,2020-05-27
0,-7123.579560096323,14546.608326450962,52543.27179209511,2020-05-28
0,7678.166256490007,8038.2547203385075,69367.04301659229,2020-05-29
0,14222.568457821084,18167.41454689816,19444.345567581397,2020-06-01
0,3421.5961045796025,10112.481106199037,7358.918756868021,2020-06-02
0,-3508.5314643266706,33785.723070363914,16537.567760634567,2020-06-03
0,-13512.390301295341,46435.88621801263,39994.47618943245,2020-06-04
0,17732.288042436187,18935.69191770229,62646.6086357344,2020-06-05
0,6126.2520420533565,3267.1937650132822,44547.99208109487,2020-06-08
0,26946.634831982366,9684.82645597681,42361.629697674696,2020-06-09
0,8631.581840001134,2393.534818287986,32869.86861476927,2020-06-10
0,-39320.83283521561,1896.6977183235276,35683.159649314715,2020-06-11
0,2223.7415617002735,43191.02960675788,55909.57793096599,2020-06-12
0,12575.38136796485,45273.374888370265,64922.477020542035,2020-06-15
0,19539.029269824325,50516.823620719246,1392.1473189776552,2020-06-16
0,8088.219080170953,42030.54729279528,-3774.5494352429732,2020-06-17
0,260.89787587621095,12473.586336450237,7332.0611836636635,2020-06-18
0,3978.757971523317,22694.11529081602,41530.84959015083,2020-06-19
0,17620.24499106758,-30031.26085573159,34648.551696292474,2020-06-22
0,11490.397789875751,-33101.4449719178,51579.925480838414,2020-06-23
0,-20526.123335301516,-25623.914488979055,33650.295878292585,2020-06-24
0,10377.873916768625,28807.97021206144,73935.67839902434,2020-06-25
0,-48220.545695707275,15492.284130603362,76155.3242986877,2020-06-26
0,14792.189784315718,103591.8000931339,155745.78455445528,2020-06-29
0,19511.46066462531,81686.044393978,111060.84596502225,2020-06-30
0,34448.75478260765,79629.95367451571,93400.45871835644,2020-07-01
0,-2566.9109960125893,56604.0627729042,52064.723696907546,2020-07-02
0,34094.69477181957,82809.91657537004,54548.821853842324,2020-07-06
0,-5531.633676407803,21244.92540442067,3689.7987021141817,2020-07-07
0,17674.13840415716,30623.911001399,42627.639435315745,2020-07-08
0,12190.311155727653,8103.962060674794,8986.989088034663,2020-07-09
0,22115.380761243578,-4135.0611678785335,-5266.13599759716,2020-07-10
0,-24286.758863081755,-40221.64326340433,-59242.10897902549,2020-07-13
0,3618.685361410933,15795.655799931634,-36135.78820125832,2020-07-14
0,-4568.0183080578845,-3187.98857235143,-21568.308383759242,2020-07-15
0,-361.543068715686,-749.870508963566,-33217.13516282715,2020-07-16
0,-15387.858686436412,-34619.77166486692,-22914.77742338304,2020-07-17
0,33317.48702251341,-19465.696889314073,-1255.5182242705505,2020-07-20
0,-15246.997893321759,-33016.32900080604,4822.557126244774,2020-07-21
0,-2261.337158126088,-34242.91118400049,24078.24788279353,2020-07-22
0,-34210.27948093628,-22465.0568142701,31188.327308231706,2020-07-23
0,75.96563691396818,18737.45617938341,70645.56077013456,2020-07-24
0,18988.42276260117,59408.58070750081,100662.55799824803,2020-07-27
0,-16556.95879637268,43235.46678570618,67049.1779280496,2020-07-28
0,10041.911482120498,65498.484669559206,77969.41542717288,2020-07-29
0,6451.236800731284,57407.678286296854,40545.51443403962,2020-07-30
0,39615.056074818094,79914.9444585093,56787.53956868595,2020-07-31
0,3192.0428813589733,25279.31852568729,24341.362765585138,2020-08-03
0,4510.58436202946,15249.445898215592,19149.636744822288,2020-08-04
0,2599.176503770196,-13496.903379815934,17765.153140928254,2020-08-05
0,27569.243866794393,5571.537673014659,35148.17269940359,2020-08-06
0,-12118.672749090789,-13115.140771445866,386.6947297429724,2020-08-07
0,-6737.636761596525,-2860.441670929941,34478.81989943041,2020-08-10
0,-24375.656179322596,6610.853336670061,47347.76246425881,2020-08-11
0,22089.720226508558,52471.99538962772,80725.7818834402,2020-08-12
0,8582.711939744762,22306.68646357111,68512.54617061524,2020-08-13
0,-1897.690277158887,35428.54715316396,115549.69212176083,2020-08-14
0,2824.390014830642,43204.55008459154,92930.88576551052,2020-08-17
0,20044.3334236683,47255.66073344231,90358.17710825054,2020-08-18
0,-7103.713905866013,38014.45130371037,80235.92423757762,2020-08-19
0,21531.788824002047,100845.38367087151,115942.92113617911,2020-08-20
0,5638.713999786567,53657.239062680914,101886.9964100254,2020-08-21
0,6620.094541394965,48721.25152587775,38875.24070298157,2020-08-24
0,10914.074682537854,52270.8393242685,11301.02737988991,2020-08-25
0,53572.831024286344,67945.54137251078,-40595.41845111826,2020-08-26
0,-21808.193711137254,23115.027401503903,-73322.84054879066,2020-08-27
0,411.05403734260005,-9200.811804612706,-78649.71294018983,2020-08-28
0,10279.785125955204,-29394.89715366474,-86760.34774225016,2020-08-31
0,25725.80983850862,-78595.34625147632,-94014.06565825417,2020-09-01
0,9287.789345787227,-85757.21675803527,-99097.82844941464,2020-09-02
0,-52596.274289207395,-119012.0471450297,-129730.4298293172,2020-09-03
0,-19867.17769074058,-77867.62546331462,-102665.68148765383,2020-09-04
0,-41304.57159057564,-57063.411856454586,-99667.98319150256,2020-09-08
0,17919.405567109803,2980.8185214916384,-54824.02426541465,2020-09-09
0,-27372.65251657864,-39119.07765004332,-47157.404319154404,2020-09-10
0,-8348.654589187685,-35051.14553124407,-55926.160165957386,2020-09-11
0,2221.1032194589134,-43124.5029146802,-41621.194591137784,2020-09-14
0,19652.66595324566,-38808.00460598114,-21362.7170549468,2020-09-15
0,-24937.730470823542,-32951.019801902126,-23454.873784031275,2020-09-16
0,-23285.37448967159,-44399.64984481946,3716.897865363751,2020-09-17
0,-16573.915811155166,-15026.54642532898,33998.48333166252,2020-09-18
0,6423.923990382831,24927.205682431115,76435.44395197641,2020-09-21
0,26208.146504846292,36298.98088382388,36215.624940459704,2020-09-22
0,-36371.25963839274,12089.816294771212,35459.25563739843,2020-09-23
0,6690.263648004215,56683.8654719389,46080.58280410111,2020-09-24
0,23210.283076645574,74551.8467241636,61727.18091035358,2020-09-25
0,17368.681700325847,17488.02009830474,43902.50952556877,2020-09-28
0,2329.274407010908,25526.390646455948,43345.49331757139,2020-09-29
0,6035.389795232916,-4019.6599916931636,80057.08178009684,2020-09-30
0,23691.318620827402,11419.660123565727,74256.33820251412,2020-10-01
0,-30971.498095793686,-6111.867826531251,36025.33678997772,2020-10-02
0,25309.04437433442,43058.274519425315,61766.6256395666,2020-10-05
0,-26527.10207756851,55735.88343634893,25491.885891399103,2020-10-06
0,21477.05696277667,85056.16210659104,35016.168391784675,2020-10-07
0,6295.272878911306,49052.13478192662,22514.245162506144,2020-10-08
0,16845.799118643044,35183.050742867425,12683.661882960107,2020-10-09
0,38015.7463107584,8197.06992907188,-5341.2206910147315,2020-10-12
0,631.3015282792403,-45408.1847958657,-32281.841907465292,2020-10-13
0,-12642.34515745654,-37657.65975508852,-44410.12145025779,2020-10-14
0,-6995.2160483674015,-28811.907335147618,-18521.583709885155,2020-10-15
0,-9676.973472542773,-23108.60836123528,-51588.62938992775,2020-10-16
0,-17426.81480695168,-4051.303178813182,-9530.939587444343,2020-10-19
0,8743.86799536443,1674.556805030158,-31095.718611615353,2020-10-20
0,-3772.8263540002927,6841.42280215998,-39432.793040871074,2020-10-21
0,-1688.7838233365405,-29806.303177119444,-22819.760102851433,2020-10-22
0,9768.155758675308,5253.879382106341,30751.247840048953,2020-10-23
0,-11388.567525229924,-44043.304332844935,46572.78863009707,2020-10-26
0,14118.80978760889,-32130.053908126385,57346.52501008067,2020-10-27
0,-39835.299604494096,-32717.175872933913,245.97450954188753,2020-10-28
0,34359.683649062514,61494.93044565358,31457.77191099113,2020-10-29
0,-39145.81048723791,52027.81955642755,18239.44564831393,2020-10-30
0,560.5197284611359,93353.65694420147,53907.17668849609,2020-11-02
0,13264.811129851698,48064.74970822813,57915.80423252484,2020-11-03
0,53441.45939716773,22937.679253127873,46516.136283309796,2020-11-04
0,25560.961012550026,-7813.128712476784,-11206.883603515464,2020-11-05
0,-1535.2925633397572,-37442.505740224435,-44115.305278007196,2020-11-06
0,-41141.143188752394,-31943.01043701367,-37209.32345919358,2020-11-09
0,-10491.569804163762,11913.592776518306,-2394.0225237869918,2020-11-10
0,21586.60212501014,17999.062562054616,-4559.839069221028,2020-11-11
0,-5163.124568658156,-12073.859677449716,-9510.892437388993,2020-11-12
0,4126.870530006891,-1332.3436062820538,1585.3109229912557,2020-11-13
0,2280.950534701693,-12018.688356101255,5745.158216397813,2020-11-16
0,-4680.249255450274,-26617.68324983079,1382.4054885472333,2020-11-17
0,-8565.909308047017,-6002.72024724625,32486.85060719975,2020-11-18
0,5649.480030648512,8555.08615440375,44564.29465069673,2020-11-19
0,-6686.883049617276,11217.381574183775,30679.355239651195,2020-11-20
0,-12556.934238270716,15872.227771253303,33836.10187347191,2020-11-23
0,16462.980251308356,55960.81252367894,60204.77152163749,2020-11-24
0,5997.4624115166935,42043.628438555366,42423.251444774716,2020-11-25
0,8300.652260072202,27968.884302806917,11504.341442724795,2020-11-27
0,-1981.412574443677,15729.664085963781,7005.0393135779095,2020-11-30
0,26269.392675909672,30373.620870934174,7407.978447606163,2020-12-01
0,3080.3184189425747,3326.350507344645,-11238.404722753621,2020-12-02
0,-7677.745868710796,-23671.67820471347,-2993.0451324559444,2020-12-03
0,-3712.6629984011706,-12414.7572007323,10937.489434131248,2020-12-04
0,12449.475678115614,-10141.22247834386,16587.971299270164,2020-12-07
0,-598.9457314445663,-15182.635694908218,-1446.8219729005386,2020-12-08
0,-23869.966837289085,-3485.0315375743244,-1846.935847579293,2020-12-09
0,3695.796761690011,27380.55513253832,22256.390863985438,2020-12-10
0,-1385.0483395088695,25240.718673702104,11934.19112555037,2020-12-11
0,7234.887101106781,21211.70368158623,14189.162245826805,2020-12-14
0,11391.805782358299,12822.791259785481,35139.67964270519,2020-12-15
0,6173.392055893417,627.9888171368339,24981.279607532968,2020-12-16
0,1590.4540057757745,-11410.06705388397,6506.197742663275,2020-12-17
0,-5249.920693852763,-12135.065306206692,9921.314049489154,2020-12-18
0,-957.3408818621722,20885.30829877154,-6651.1256658791945,2020-12-21
0,-887.17908477917,23472.604468176334,882.2891918296563,2020-12-22
0,-5800.018866205184,12137.553291550345,-23899.310936236314,2020-12-23
0,771.5872599826412,23364.356839541935,3119.407847807041,2020-12-24
0,27634.95713590682,389.9552223273439,7352.895922973566,2020-12-28
0,2065.851322844341,-19963.70369289748,-44943.223567402005,2020-12-29
0,-11979.046558852784,-47161.59790287994,-54856.290750801716,2020-12-30
0,5222.67879395557,-14516.948750602907,-31110.649057866493,2020-12-31
0,-21658.999571293563,-14517.36513147616,-49879.119948031366,2021-01-04
0,6662.689269817773,-18843.449655063003,-30349.00239573529,2021-01-05
0,-25811.716184877354,-33665.955973843156,-19784.56937084855,2021-01-06
0,21809.819917247816,4785.910576345504,71491.55072890184,2021-01-07
0,4981.624905944853,-30879.177450103987,60845.53235170539,2021-01-08
0,-25882.763538522937,-37209.175317314366,54541.83001283749,2021-01-11
0,-8558.28794484219,5757.333303024097,87780.6583948289,2021-01-12
0,12948.998520852667,80542.20119249349,107048.2372733363,2021-01-13
0,-14571.771970310645,78903.21956357722,52383.32680359065,2021-01-14
0,-1182.4014055484276,93965.7514316156,64696.435945568344,2021-01-15
0,17718.818189352165,100669.1951593269,44983.91872749833,2021-01-19
0,65032.5556826158,91286.97434656245,51999.23123427489,2021-01-20
0,12278.520191084202,-10666.702611067783,2613.169180880327,2021-01-21
0,-506.89921829322407,-26842.645872808145,-3526.5380534717833,2021-01-22
0,5059.074283686923,-45703.71335987207,6470.839989507436,2021-01-25
0,8921.428256262658,-26996.202058989187,6827.395272730428,2021-01-26
0,-36963.295550956645,-22619.377325996844,-6268.278549411972,2021-01-27
0,-2546.470470444049,21799.784524491268,35559.133429171794,2021-01-28
0,-19703.088684919356,33755.9204034895,40237.55477648157,2021-01-29
0,24325.286738858333,59737.7487249648,55745.868813978675,2021-02-01
0,13493.774852924413,30175.101150913764,32530.768076272136,2021-02-02
0,5744.281263597077,19316.522174177597,19714.118032350572,2021-02-03
0,10114.946647981544,16210.869366313073,10653.503411250307,2021-02-04
0,4817.625895122068,1013.4239323773763,-4997.470076664067,2021-02-05
0,-4184.701798586919,-2020.6005082677975,-24594.17746900793,2021-02-08
0,2930.4090457703933,3047.471921116732,-37025.042522219606,2021-02-09
0,2526.246899938063,-2788.9178310635198,-30113.151232982556,2021-02-10
0,-5041.149835895823,-11052.037046295536,-31756.751021113843,2021-02-11
0,1792.3204249812306,-20795.684321940444,-55171.3631602739,2021-02-12
0,774.4305197735645,-39180.97402162437,-54387.03865778535,2021-02-16
0,-2920.1438069909914,-30287.369473960855,-28426.260316046937,2021-02-17
0,-5774.8029975449135,-26538.36716222907,-38545.26788055469,2021-02-18
0,-14709.085867405334,-49311.37716621807,-60185.93562329981,2021-02-19
0,-16992.101114223136,-32557.86704946699,-50421.186629672484,2021-02-22
0,10105.51434474769,12112.274750783188,-17857.935535435692,2021-02-23
0,840.5535340457914,-11502.886405040525,-62070.00994200699,2021-02-24
0,-29231.98560737709,-40121.90783219432,-32863.63218580415,2021-02-25
0,2756.9333989039133,-15520.34489205655,-6713.580413326662,2021-02-26
0,28630.719151713998,-1843.1243757886077,16903.119314672123,2021-03-01
0,-13490.559220532268,-63806.37100940835,-25276.57990296214,2021-03-02
0,-28084.41877885904,-20621.299168224825,-2213.0139098254213,2021-03-03
0,-4647.646420361765,4114.183616249854,37997.136401231204,2021-03-04
0,16637.177332271785,35804.43337411959,48044.41012058601,2021-03-05
0,-35290.37368984487,4619.229685114781,-131.25618178428795,2021-03-08
0,31947.87088247999,51444.113391959014,51356.570213621475,2021-03-09
0,-3329.039680359453,30310.49707431534,33065.630912340224,2021-03-10
0,26895.50726421392,38900.75845594771,40825.79577942216,2021-03-11
0,-14000.180736737848,-18796.648914972553,-6191.241184574517,2021-03-12
0,9676.567631552896,9447.608862404662,-3377.052543081973,2021-03-15
0,11221.867353253887,13784.309562221093,-7320.428661872993,2021-03-16
0,4953.773506999772,6694.371271014232,-6779.315471014526,2021-03-17
0,-30189.168224004206,-17692.691487324017,-17724.954091520463,2021-03-18
0,14067.655503411153,1427.259278523368,28341.265255820363,2021-03-19
0,14184.192589251243,-6707.265977173363,36399.54755218641,2021-03-22
0,4341.724912729466,-9153.14561304974,47045.05183510421,2021-03-23
0,-19162.88698149438,-19218.58832436375,42512.51381586219,2021-03-24
0,-11182.959717107815,15299.25068107144,77470.8118411172,2021-03-25
0,5680.358661646548,49500.27029046428,99611.88325429581,2021-03-26
0,11689.084560294885,68991.73345806905,104439.14466501665,2021-03-29
0,-5981.182755838516,56509.79927870433,84676.91234500906,2021-03-30
0,15322.389117664765,77416.61596009009,98228.85571541467,2021-03-31
0,22013.60421945987,70912.75262566919,62292.13699741245,2021-04-01
0,24415.94977422703,58614.33199252802,57132.61630318189,2021-04-05
0,-47.628710265110726,26755.228765602515,30719.54308048963,2021-04-06
0,13730.475073483665,33442.95650632449,30864.18464634115,2021-04-07
0,9192.574307058603,1077.5051737827785,9701.119538673462,2021-04-08
0,10179.401978817452,8689.13250942525,-12775.321109434659,2021-04-09
0,-6440.43013272325,-2778.983619963567,-33872.414029858446,2021-04-12
0,6389.045595073286,3902.574870025025,-15989.245456904308,2021-04-13
0,-18041.053503204417,-9573.554656007087,-13818.383911573057,2021-04-14
0,16926.162034924295,-5038.5304860572305,1007.5167927221755,2021-04-15
0,-1246.8062770059248,-32523.822678594715,-5435.399121700993,2021-04-16
0,121.03022973078305,-19978.5100395154,16217.498768204838,2021-04-19
0,-7026.7196096383805,-11262.682083224416,10337.730763960331,2021-04-20
0,-13384.963348644771,-7349.94653184394,9550.443153024831,2021-04-21
0,-11032.372740179579,16213.152430425662,2825.7335903671337,2021-04-22
0,11550.157928755163,48763.59662348323,7170.682714862547,2021-04-23
0,8809.409882962154,30547.379353888085,6992.425736359453,2021-04-26
0,-3193.6920054455654,13754.641872572776,984.7279878279196,2021-04-27
0,10217.571053218555,-3018.5290140891057,-27067.502709832177,2021-04-28
0,20365.05507033116,-19985.73317739946,-35597.076962273495,2021-04-29
0,-5810.533235653283,-28575.37727237253,-75642.50851240239,2021-04-30
0,-7501.879700706825,-20096.751753452307,-62128.453855661865,2021-05-03
0,-19846.835080953042,-43410.222467142026,-33912.94095498105,2021-05-04
0,-6813.558570119994,-22527.90432707696,-14912.752017548286,2021-05-05
0,11413.415029212858,-37625.70041593572,-18770.266748243135,2021-05-06
0,2759.0398541603736,-40202.131626441056,-26832.50695345836,2021-05-07
0,-31085.158072394548,-21419.66415345952,-11831.47415790831,2021-05-10
0,1616.75887812284,9492.441710441624,10153.224242415938,2021-05-11
0,-22165.569017594986,-2943.261013428,26648.253617508126,2021-05-12
0,8717.514477978564,22834.338271007833,52139.9389586672,2021-05-13
0,22401.362476159833,32435.824283445818,45865.53762141592,2021-05-14
0,-550.9870658518994,115.0567650275243,19392.11770902013,2021-05-17
0,-10703.859823989489,18630.88511585694,16330.327206991693,2021-05-18
0,3098.704222728402,31811.469065134086,26850.545903617778,2021-05-19
0,18220.169520308566,31327.436141188547,25136.968323899157,2021-05-20
0,-9633.824159908138,9418.4885913616,-5755.747855661328,2021-05-21
0,17855.698302131746,15490.63513081388,17690.82526547485,2021-05-24
0,2077.7630340723654,-2884.673847877181,4239.366171993017,2021-05-25
0,2654.376445140504,-3432.108321531955,6206.864482402255,2021-05-26
0,-3467.61404554157,-18518.98756082224,1168.9619721590373,2021-05-27
0,-3585.098642173061,-1468.0431470752383,11880.985222722022,2021-05-28
0,-530.6917342335366,6571.961393784254,16521.94066675143,2021-06-01
0,1582.5711362337202,11233.305842143562,33214.13710841055,2021-06-02
0,-12532.86320339574,7307.127139648253,26434.12495399759,2021-06-03
0,13745.328986128303,27153.006367880822,38426.0704218263,2021-06-04
0,4412.105270479102,14299.556925238572,38384.243483973936,2021-06-07
0,4186.451848112736,26069.65078101008,27339.74984549656,2021-06-08
0,-2380.31614851781,16555.663444364436,25171.361568821492,2021-06-09
0,6934.4810323025695,17953.404145565248,43138.433513369935,2021-06-10
0,1083.6225893546155,24784.28253563179,37192.41726637195,2021-06-11
0,16048.90822790308,16993.509578638463,37331.976024997144,2021-06-14
0,-5044.8449879602285,3278.4987829879274,19694.924501689347,2021-06-15
0,-1008.4538202442661,23693.349451617178,40711.621329679634,2021-06-16
0,13615.017676738582,25861.375049509203,41195.44836903611,2021-06-17
0,-6520.076239922062,13476.776923797683,22007.283399483655,2021-06-18
0,2434.909632737284,19043.711773821808,36713.66298483856,2021-06-21
0,15195.0028206928,32295.4279708451,46831.687401270705,2021-06-22
0,1103.4602014841182,15981.11802574572,47094.5178566931,2021-06-23
0,1335.1971992136705,9646.439248099563,47852.503961926326,2021-06-24
0,-1238.4442937438403,15926.315514587302,40427.92839275872,2021-06-25
0,15349.606940717249,29878.639906123153,49466.47025228987,2021-06-28
0,-648.8966577520434,30484.711696823368,36490.54275026482,2021-06-29
0,-5012.411291532877,33066.814117615366,37655.9277504785,2021-06-30
0,7574.858949145875,32045.577085429344,50069.40731170463,2021-07-01
0,12524.003443911843,31854.48595991406,33556.6878593586,2021-07-02
0,15750.080869641963,21557.20467478344,8605.794826586349,2021-07-06
0,1801.728554715951,6326.009097791812,-19485.777032445978,2021-07-07
0,-6042.317512210979,11454.88576568781,-9786.53375131208,2021-07-08
0,7306.499906380326,9085.166990918256,-5639.63025359774,2021-07-09
0,2704.196146728776,-9966.605966136194,-4843.111162869237,2021-07-12
0,670.3830439744461,-24983.733795559267,14664.41847502499,2021-07-13
0,6871.939785298825,-14288.573489004864,21651.474858658363,2021-07-14
0,-8525.007209297337,-22817.368914756607,1953.5570398529503,2021-07-15
0,-11675.954352421511,-6322.873574596094,11052.169730955642,2021-07-16
0,-12384.510480946534,27831.739728766246,11571.620448238104,2021-07-19
0,11716.766295959278,48868.8152765915,7470.358074598862,2021-07-20
0,-1952.7528677977211,23249.635019356203,-6898.968631512145,2021-07-21
0,8111.773423416845,25475.408013176082,-2169.053482015921,2021-07-22
0,22167.44909210392,6172.377781639405,-4737.610945069897,2021-07-23
0,7457.31974437596,-31856.050405713402,-18650.72896766414,2021-07-26
0,-12588.204123475314,-41336.11175822468,-29685.14705966339,2021-07-27
0,295.49336868050057,-26426.930554665112,-17520.286455077476,2021-07-28
0,-10491.481411117358,-21428.289353659377,-21229.748236874773,2021-07-29
0,-16596.738146788943,-3172.1294402537696,-14619.82588402832,2021-07-30
0,-2472.5942567839297,9610.12956582175,8616.509462899381,2021-08-02
0,2958.2798644410313,12028.425487621751,13209.900339844111,2021-08-03
0,5319.730589294924,5463.27751755228,16786.602812667028,2021-08-04
0,7929.6217834789895,-3810.624754703897,204.85259314104496,2021-08-05
0,-4008.83826079906,-4960.85174279269,-16842.14774676725,2021-08-06
0,-110.33863587516768,1042.3601115675206,-4528.869240754847,2021-08-09
0,-3656.043324694828,7593.783433422315,4123.583679729762,2021-08-10
0,-3934.7379510650853,116.98245000627776,22458.61902689381,2021-08-11
0,6702.294689914961,-5271.688472967586,31916.79695788967,2021-08-12
0,2057.583871728782,-3316.3546279626635,23217.443393246373,2021-08-13
0,6387.971454904551,3019.217247019459,18534.89689603528,2021-08-16
0,-11056.703484314887,11192.23316836534,26991.531640215704,2021-08-17
0,-9210.561145789175,27840.404382992263,57492.70986873727,2021-08-18
0,8310.282923084802,35330.25634115877,68937.72049840294,2021-08-19
0,8581.852637705462,24374.543415753633,68513.68931201681,2021-08-20
0,14591.881601164354,30523.48286767347,56264.16078349089,2021-08-23
0,5382.892302112516,34457.24065118227,44887.360688628454,2021-08-24
0,-1840.0033842465768,30532.26747012076,54529.67703894001,2021-08-25
0,-2492.148074546978,40554.837582743625,51864.021058695864,2021-08-26
0,14608.877886885468,40059.66330930698,47636.6257186775,2021-08-27
0,18558.09695163969,28909.29472397871,21490.39459471048,2021-08-30
0,1572.5729546734783,24974.164422685673,645.0493841036609,2021-08-31
0,7824.5433497830345,18675.331401949305,-7403.083206928069,2021-09-01
0,-2961.10347071838,4264.476923198236,-9601.437921254514,2021-09-02
0,3674.4565100140917,-3657.0823990377485,-6540.836401839602,2021-09-03
0,14548.671067763944,-9454.298605522286,-22681.89438860419,2021-09-07
0,-4596.362156919398,-29721.909816422,-59407.20192039402,2021-09-08
0,-6225.358709489554,-19797.381329226948,-54109.14070744576,2021-09-09
0,-10851.976843127683,-13673.983621986186,-42846.21504122589,2021-09-10
0,-2037.5404820058857,-15441.864756765777,-25180.17264310668,2021-09-13
0,-6311.978433365435,-36667.160791483184,-17965.54849667422,2021-09-14
0,5616.716808380577,-29460.215896270485,-15971.667771141289,2021-09-15
0,33.22485681653029,-29410.850304857835,-48637.33503885387,2021-09-16
0,-12674.752029022999,-22528.131585047413,-46038.3111066857,2021-09-17
0,-23569.51384281386,-4723.273710465684,-34852.751130813085,2021-09-20
0,1075.0382846196117,14747.436907854393,-2425.064562126514,2021-09-21
0,5529.835006923644,-14412.146031481509,-30549.586749522663,2021-09-22
0,7217.471989526228,-17168.552697986564,-13687.756662311162,2021-09-23
0,5570.675842170865,-25040.14648131004,-13570.460662608913,2021-09-24
0,-4412.937507042878,-21400.004550428755,-17091.858646728582,2021-09-27
0,-27831.236459924152,-44046.83602864376,-12125.770278069147,2021-09-28
0,2558.8410151783505,6076.43677357366,6849.299135723941,2021-09-29
0,-1066.7946879703031,10532.127482446518,-2536.3881982848884,2021-09-30
0,9369.01666785498,13528.682552533173,3687.7311462089983,2021-10-01
0,-27549.51298526792,4750.840821495077,8114.258460360705,2021-10-04
0,22949.891328114183,23792.865513320205,41132.30812874639,2021-10-05
0,7296.517236612206,-5640.7573772699725,34114.983299559215,2021-10-06
0,2043.548811211444,-7752.643629531963,33881.651680996,2021-10-07
0,630.7113707286281,3897.76027792239,24693.11406116947,2021-10-08
0,-8989.443287557991,7762.389051562177,35651.91779280542,2021-10-11
0,-6533.979691924322,33074.99354195361,24934.132863631436,2021-10-12
0,5182.388995138228,47287.56093745253,35580.086213000075,2021-10-13
0,13829.337604106682,34904.56128814821,27025.892724847046,2021-10-14
0,4456.762728186424,32320.776267121444,19048.844272534305,2021-10-15
0,15985.817639587842,8223.542354786123,28902.766026686357,2021-10-18
0,7167.176227298006,-3743.2640080225965,16940.63658798307,2021-10-19
0,-6846.901331435401,-13955.99085037159,193.4362716856349,2021-10-20
0,11586.420939196298,-910.8781956265236,9237.18451630764,2021-10-21
0,-19213.631275106654,1292.7786932634363,10090.437760926296,2021-10-22
0,3819.627121703624,24660.259732167924,34060.0929650127,2021-10-25
0,-3206.4527424338717,11118.696356668344,30744.854227497577,2021-10-26
0,6067.7185399612945,16574.356925315944,31681.960808345077,2021-10-27
0,14147.394272022439,23622.947141039003,30353.051620388476,2021-10-28
0,4018.816868868702,13420.679257843842,-4361.219787685822,2021-10-29
0,-9094.195599049839,10206.551822164622,-5312.9404205689025,2021-11-01
0,1841.4962820315218,16850.330940708114,29359.22241799203,2021-11-02
0,12809.654831482481,19927.03973369145,31511.43014804634,2021-11-03
0,4147.540210451427,-13281.067711837939,18600.476550308,2021-11-04
0,240.21246326989422,-14736.742097953389,18198.66924651716,2021-11-05
0,-2364.853471755423,10472.057606182141,30555.995414162477,2021-11-08
0,4829.685083470892,16553.809096131998,37340.75636018843,2021-11-09
0,-19992.106193222477,12136.527663247287,14769.764316255703,2021-11-10
0,2910.1000898829134,36558.442015860426,32123.295497926676,2021-11-11
0,25486.17114270604,45915.206586412845,33548.121739638904,2021-11-12
0,3786.230339338972,24553.100930421017,-10745.940159154396,2021-11-15
0,363.5602581119009,3422.5891675955645,122.07305526283017,2021-11-16
0,3719.0874756021713,-131.09922752253397,-15872.718708665092,2021-11-17
0,12187.618044838124,147.61687025539754,-40303.353029209524,2021-11-18
0,4295.691706633963,-30285.51238189532,-51670.442842806064,2021-11-19
0,-17164.85236909814,-20380.234273597525,-68772.06669429256,2021-11-22
0,-3299.2820071339806,-19597.192421880536,-34933.07555037759,2021-11-23
0,4176.463497025154,-37356.779443321844,-6592.926621047276,2021-11-24
0,-18327.6459419502,-40442.78562650771,425.1298600091377,2021-11-26
0,14668.10525784761,-35394.69085940525,10456.553233299272,2021-11-29
0,-16396.361003161473,-31705.963355729895,273.7417615932927,2021-11-30
0,-21486.580265809753,9777.869688711282,6551.162189523907,2021-12-01
0,896.9014294541357,43348.90673766246,21240.77008857268,2021-12-02
0,-13799.613270488568,32637.682925005643,42100.15401586189,2021-12-03
0,19005.390955597264,51709.80182072317,30012.68054202665,2021-12-06
0,25899.628308411047,22351.792273571402,5624.898719135234,2021-12-07
0,11074.231678905562,-10540.661053496646,-28142.20132923148,2021-12-08
0,-9562.865852581945,-846.0929799571886,-20129.65640691008,2021-12-09
0,4295.106202947436,-16580.095182592497,-2481.1676120627917,2021-12-10
0,-9303.476501502457,-25410.62740344985,-2798.257346923002,2021-12-13
0,-7151.919578258757,-24602.90906111188,17018.877851123427,2021-12-14
0,21109.714424866048,1589.214750153174,21318.19988710991,2021-12-15
0,-24992.90435591255,-10801.552022955952,-3263.42138222194,2021-12-16
0,-4881.313727930914,18447.212258230604,21001.046924049497,2021-12-17
0,-8251.014081805144,34118.04952178478,13148.902738947654,2021-12-20
0,19510.971687581343,39691.22456522289,31446.675319115893,2021-12-21
0,8412.41394167849,16216.479494137704,1473.6251398138488,2021-12-22
0,3879.1447492309294,6547.928187148751,-40295.54820908107,2021-12-23
0,10422.670246701908,-10103.622391978464,-48489.21973721908,2021-12-27
0,-2930.5830423550533,-10860.035878045612,-64195.935074268324,2021-12-28
0,-3483.847149700464,-17998.884342027843,-63116.185212673656,2021-12-29
0,-1322.8995878711526,-47820.28616859074,-46017.98072258784,2021-12-30
0,-12610.446982933427,-51052.64546285386,-43948.65893526495,2021-12-31
0,9589.591730793663,-44774.421457836404,-53834.41174071452,2022-01-03
0,-10098.46771207941,-55662.79628292425,-54737.149142067,2022-01-04
0,-33804.693494361185,-32117.504919639396,-70652.16665567172,2022-01-05
0,-4730.037985613157,2465.6165299280474,-43680.73561610832,2022-01-06
0,-6278.3133007387705,-15900.94443473113,-54630.298466472224,2022-01-07
0,-1689.322808448414,-1020.3505796460153,-116244.34590023244,2022-01-10
0,14447.98136362281,-26062.53324883625,-113471.1029817895,2022-01-11
0,652.956049476177,-45384.772277891796,-152109.14288193372,2022-01-12
0,-22970.92298669029,-61249.963075597116,-156719.74585601018,2022-01-13
0,8930.948516119035,-108551.3962716082,-126766.68155551066,2022-01-14
0,-26703.833863281077,-115085.91773698469,-106824.1685428157,2022-01-18
0,-5550.933869821412,-117495.57641463015,-42593.008051943565,2022-01-19
0,-16005.67571371124,-115784.64884066323,-16306.828421379309,2022-01-20
0,-71609.10731702855,-90544.24167459158,7221.943573020487,2022-01-21
0,570.1644911132307,8966.162211457491,-12174.689876851764,2022-01-24
0,-30417.034062987834,55021.92527448677,16608.432482123753,2022-01-25
0,-5097.232613143216,114231.89892736383,29385.57819233888,2022-01-26
0,15348.21687784005,124279.03877680666,40969.186557872104,2022-01-27
0,30217.905474914864,8170.908146705215,42707.24145505237,2022-01-28
0,46529.33385999786,6842.7967856575415,-6210.991527143444,2022-01-31
0,22891.521194607863,-55495.59315494359,-80723.34492304872,2022-02-01
0,5785.625538126413,-69444.79965866679,-94807.52290789677,2022-02-02
0,-90146.65532527695,-58165.566437397494,-84485.48503625611,2022-02-03
0,28938.26444826639,14891.853699947354,-1211.4261767177195,2022-02-04
0,-20383.788765763733,-46283.3169628702,-59078.19337997387,2022-02-07
0,4998.650981582661,-21143.70174128629,-46077.75571969594,2022-02-08
0,19975.044944064302,-9720.77671325333,-69416.25061514208,2022-02-09
0,-18057.036846094903,-34172.91135175993,-109229.58574371957,2022-02-10
0,-32515.55885767115,-45822.62880943868,-55016.83711970941,2022-02-11
0,5476.691389895897,-20161.007790986827,-11791.216904818366,2022-02-14
0,16549.660490093473,-44551.31194536374,-14286.477516011617,2022-02-15
0,-5329.4342398526105,-82654.29943165058,-47531.81573960929,2022-02-16
0,-30037.412006326413,-39204.34406928581,-35428.33863076793,2022-02-17
0,-6409.2430280875815,2255.5655747783894,-23034.95521485986,2022-02-18
0,-19413.668865771833,11810.443228128644,-32550.21906997479,2022-02-22
0,-23983.098308864926,13350.866337954341,-56453.64740705862,2022-02-23
0,41837.506918230596,45898.14272242042,-38147.88650438882,2022-02-24
0,11756.849221474093,-13539.478091369649,-38691.2589397809,2022-02-25
0,3013.0650079831166,-40976.83511053141,-51402.57099892212,2022-02-28
0,-17894.077675669323,-85290.80219610277,-79273.20669609937,2022-03-01
0,7517.4297820345355,-73352.30712395889,-83949.27895418393,2022-03-02
0,-17752.355386534517,-42864.053747991995,-62039.200274910145,2022-03-03
0,-16302.037211255825,-26945.97012381409,-6945.968775167155,2022-03-04
0,-43479.61478664281,-37281.22906975652,29677.293744910618,2022-03-07
0,-4986.038931521427,-15946.221972601188,105133.65034245042,2022-03-08
0,40746.020806859604,20443.402410412185,103499.13924756079,2022-03-09
0,-821.9897993185568,19932.50277299275,85296.68719435814,2022-03-10
0,-26877.238421906703,40879.16078831214,74755.56347494392,2022-03-11
0,-22598.8798135428,97725.12018968177,121387.83666403117,2022-03-14
0,31800.579871138078,115625.99754244596,151236.3231861659,2022-03-15
0,39904.94142609969,106294.95982249567,127846.6640180622,2022-03-16
0,19947.42778244082,53111.502456956674,104696.11339658966,2022-03-17
0,25834.578422429782,48482.41307264187,69511.51573207213,2022-03-18
0,-6243.109874642938,25746.286653998195,21560.2347423246,2022-03-21
0,23262.157504254566,43200.26890931579,31583.638329832356,2022-03-22
0,-10026.774881287629,38462.5621529706,40784.54004740179,2022-03-23
0,15262.95036975744,35613.993035771266,30430.457448290057,2022-03-24
0,3476.351158564082,-584.212848630107,-14928.252761788604,2022-03-25
0,10820.242005603319,-574.5775665936213,-23822.767410672765,2022-03-28
0,18683.908665407576,20934.168886512,-47742.6465483659,2022-03-29
0,-12767.429967235063,-17859.244977568676,-89063.1544692644,2022-03-30
0,-20153.389428021623,-34296.557238162066,-81666.03944630519,2022-03-31
0,3492.6724365224973,-19897.569609623522,-46909.73196866797,2022-04-01
0,32470.548422928707,-37138.903911318,-74325.57623019484,2022-04-04
0,-20029.54929041117,-91091.52266413727,-102479.24456977048,2022-04-05
0,-29236.43194580164,-76853.86342315357,-60052.44328741125,2022-04-06
0,-5579.53837464475,-32932.925465408945,-122048.7781404382,2022-04-07
0,-14211.198141954517,-52227.660515599324,-146343.24089605693,2022-04-08
0,-25423.942737057805,-37626.60824334029,-157598.3819264894,2022-04-11
0,-4714.075770509796,13514.098010147547,-126822.15025437747,2022-04-12
0,17024.45858197305,-77802.05422531601,-157570.44343524153,2022-04-13
0,-25366.52017272392,-122696.4983817928,-191649.5946607509,2022-04-14
0,912.6642184686282,-124390.06800550998,-110952.62859083053,2022-04-18
0,26387.05751640284,-117107.7859430045,-163700.1140058149,2022-04-19
0,-94690.9804442996,-172881.60720374068,-165546.33767048642,2022-04-20
0,-32904.13921649281,-112640.62557153338,-75361.19374113373,2022-04-21
0,-26093.674751106504,-15534.777873733961,-9870.458843178305,2022-04-22
0,7738.188681632811,-46270.13718478163,-48701.01616222198,2022-04-25
0,-40118.07271119431,-29604.016521205514,-71392.20569692536,2022-04-26
0,-26127.498848524578,15229.096126757027,-69054.16101172804,2022-04-27
0,72807.6793562848,79300.64957796114,-31114.642855362166,2022-04-28
0,-57160.23031570016,-60598.55976497896,-133814.55194438034,2022-04-29
0,24751.462805536066,-20845.371361435533,-76012.09072622754,2022-05-02
0,4452.359550440287,-79943.81851756219,-56647.176347853834,2022-05-03
0,33301.263086199084,-72517.69412853719,-69179.83200188204,2022-05-04
0,-64701.595521580384,-137896.14373949164,-78102.34856262877,2022-05-05
0,-15860.678148192272,-71526.8241231761,-70720.26912118068,2022-05-06
0,-37636.67729500432,-12129.225045716788,-56304.99907664101,2022-05-09
0,12741.297950169823,17560.31758621263,-15316.28109797855,2022-05-10
0,-39588.59130383297,28384.26473340902,-12668.698776311525,2022-05-11
0,8369.378955587545,9527.459786394325,-16009.036039496044,2022-05-12
0,46779.760701201005,-277.91827242006934,-8329.556586504352,2022-05-13
0,-8837.23277313428,-41462.205256803645,-25165.273080752173,2022-05-16
0,23559.631129507456,-17469.787804197305,14385.764506696349,2022-05-17
0,-57244.42890136139,-81692.21742451328,1650.2133343543173,2022-05-18
0,-1377.0529959546334,-9471.180814125335,55500.94001952592,2022-05-19
0,3750.236810097819,20932.21195693362,98197.59125137882,2022-05-20
0,16216.21594430479,49069.26085494988,59069.15599505492,2022-05-23
0,-43365.884726004966,43814.512275493165,54182.231547527976,2022-05-24
0,16323.836385381648,83244.55539440268,105667.15388438897,2022-05-25
0,29628.223913318867,107538.80953320119,89019.07533913494,2022-05-26
0,31407.031147572987,41131.415111458366,13245.269265618052,2022-05-27
0,10701.662249292887,20635.43030578624,-61298.87009931533,2022-05-31
0,-7302.546873246954,13324.685963264126,-121323.65930621,2022-06-01
0,39439.37813237623,22363.08733012098,-118172.94560853361,2022-06-02
0,-32237.683296559237,-58014.835689643034,-115834.09552833771,2022-06-03
0,11093.335723239428,-69652.4835274888,-122584.67443018252,2022-06-06
0,3955.466902056174,-129411.89803744585,-118703.47821359342,2022-06-07
0,1307.9931568767688,-136131.74665460415,-116801.40765152103,2022-06-08
0,-42226.1917373247,-101075.09869632975,-111200.609588336,2022-06-09
0,-44354.636810701406,-98848.92297362266,-55323.21646073636,2022-06-10
0,-54102.35796849979,-42372.371270732845,34275.633046560564,2022-06-13
0,-3874.409845135641,17991.14795049065,80785.53435705027,2022-06-14
0,42334.57233739778,29835.74724189181,37704.649426928176,2022-06-15
0,-39702.470362826745,6468.8551070931735,2982.017626991354,2022-06-16
0,15611.99308412614,96596.82363044709,22519.88293856336,2022-06-17
0,5464.505039254208,67326.53799552006,20274.51763700196,2022-06-21
0,7575.4580891112055,15740.962162632051,52292.73366880238,2022-06-22
0,18756.885536523063,15864.64156531281,50381.25261447116,2022-06-23
0,46877.95780858357,-23580.67651380159,55612.08619746844,2022-06-24
0,-11375.503954247495,-54989.0218967959,5557.396523748828,2022-06-27
0,-43669.68392805677,-9318.988678430695,-18513.65215739524,2022-06-28
0,7552.573833121808,41854.3067500505,17177.837419302283,2022-06-29
0,-20915.030092351386,58692.00045192859,9018.70692537048,2022-06-30
0,13304.920570763314,78201.68983543834,25220.271212580134,2022-07-01
0,36579.14172132112,26853.938156986114,46239.79610665411,2022-07-05
0,5634.046882645172,-17925.227888916954,5540.003685041841,2022-07-06
0,23914.89699438169,-24079.88964253167,43235.90504350785,2022-07-07
0,-2910.836049235263,-51824.019917865146,53863.77718437438,2022-07-08
0,-35254.76323219163,-16460.72395651981,72356.17166593525,2022-07-11
0,-8813.190062697286,15941.3529670789,74268.14367761477,2022-07-12
0,-294.5273460531057,69595.48811871957,74640.50202544124,2022-07-13
0,-5489.6943909859,106419.58220049544,41359.5610799868,2022-07-14
0,34763.23597552265,129010.661347146,107836.48310482298,2022-07-15
0,-3839.3444874874276,51711.37589071566,62374.67543922409,2022-07-18
0,43183.30078031891,46085.9233404432,96369.94605209267,2022-07-19
0,33564.13812086405,-27716.57094303367,50835.447391628266,2022-07-20
0,13604.019388460703,-5180.542738005563,9342.88332774747,2022-07-21
0,-35032.21023157834,-24579.667117742512,31130.832870547438,2022-07-22
0,-8694.372915326132,38711.699780086594,77657.58496003039,2022-07-25
0,-30546.92142565961,47139.45231477305,75595.68091921123,2022-07-26
0,58167.92167127997,72972.09623613565,117007.5451609036,2022-07-27
0,-6470.097770061044,50764.96135220364,46978.96051005606,2022-07-28
0,27852.518189622682,67108.88156925986,97304.62946850978,2022-07-29
0,-359.2879998546571,26897.93080400456,60479.822869300246,2022-08-01
0,-6856.920587637242,34331.731223368,84019.98785132795,2022-08-02
0,36155.86632800553,32763.956882621027,93121.76244895956,2022-08-03
0,9040.710404901165,38354.23696514629,51783.656155480436,2022-08-04
0,-10634.237000727297,21645.896513803214,27411.14434403465,2022-08-05
0,6985.253196758664,55451.26238534125,42495.31552988772,2022-08-08
0,-8350.888765528383,49404.51717878615,10219.985404294841,2022-08-09
0,41619.60806436535,55129.70634484745,-17072.44835344069,2022-08-10
0,-7244.026146611215,-1437.90897434361,-60183.62475476728,2022-08-11
0,21977.64665017515,9661.581183486283,-46234.35047597119,2022-08-12
0,1405.9393167109765,-35897.95891281356,-44489.5509266045,2022-08-15
0,-2867.804799706564,-70959.29735062181,-89128.53961054786,2022-08-16
0,-14364.653663148398,-72425.15034177291,-93855.48414456173,2022-08-17
0,3837.448930172542,-51895.11796392542,-91278.2951371015,2022-08-18
0,-24218.090180368272,-32877.7219098224,-91708.33833979309,2022-08-19
0,-34990.2669936789,-53769.122133151664,-56008.98515014643,2022-08-22
0,-4463.224515410733,-27256.922081091423,-37442.80295568366,2022-08-23
0,7681.986302531683,-34115.813349873286,-47810.07461707575,2022-08-24
0,23986.026482840727,-38167.96761801198,-31710.192817749827,2022-08-25
0,-45369.23811261525,-47549.48084970142,-56805.60104913112,2022-08-26
0,-8002.674872058836,-18480.51406316775,15405.837738819642,2022-08-29
0,-11490.593474363319,-25639.41867267137,38529.36045145524,2022-08-30
0,3425.3664022012927,10132.38620950861,-25131.629578194825,2022-08-31
0,13943.172719353075,4198.784057877822,-19197.95677850607,2022-09-01
0,-16102.936776806917,17658.80660629522,-35997.37461369486,2022-09-02
0,-15096.351719135284,49669.226422837164,-27196.731584983292,2022-09-06
0,24791.50482002408,-10867.860301787097,724.4590160591242,2022-09-07
0,-2562.622335909163,-25966.19830828887,-31412.35231001846,2022-09-08
0,27536.944084580016,-26706.143226396183,-51851.75780813926,2022-09-09
0,14944.817107705305,-59088.130129903526,-78045.16188944512,2022-09-12
0,-71875.31951978327,-61355.325556734606,-114194.21289996368,2022-09-13
0,9026.909117082796,3538.0041700210095,-51183.31540813661,2022-09-14
0,-3526.17379301953,-29659.24842574698,-63592.919860774884,2022-09-15
0,-7390.912102797607,-27712.235312670884,-24776.08891795994,2022-09-16
0,12550.94633830504,-44217.460421428535,-49592.40278549226,2022-09-19
0,-7967.945157706046,-61565.25046108234,-78009.85704573827,2022-09-20
0,-23962.304284205977,-57863.131629404146,-47094.64286199745,2022-09-21
0,-1093.3364456755462,1833.1972701687941,-133.97655946368195,2022-09-22
0,-24179.004999971155,-29377.826138560562,-4462.039461391705,2022-09-23
0,-5687.456663917246,-22482.42488743881,21118.254962966505,2022-09-26
0,-4059.7015499711415,7870.106592692759,-17329.245238015923,2022-09-27
0,38472.48759560776,36377.943223762224,-10872.071667880806,2022-09-28
0,-32347.19047201644,-7293.796059082363,-73336.85454444999,2022-09-29
0,-17732.257680286006,26343.110244497693,-37475.82514025851,2022-09-30
0,25177.21825315112,242.1022622973178,3071.1263194848516,2022-10-03
0,24212.542746305742,-22387.844809294766,-50144.867962299875,2022-10-04
0,-5376.518559667613,-71640.23091056092,-25566.108151286073,2022-10-05
0,548.2916121560297,-61911.505955641434,-18238.177861176588,2022-10-06
0,-42915.78930649356,-40106.97211927132,3897.1751388310677,2022-10-07
0,2353.522497887745,-25969.176109467713,43596.287143219684,2022-10-10
0,-27449.8518462968,20762.332268669958,71481.22120164194,2022-10-11
0,5341.832596698907,52500.48858761189,104117.22106276572,2022-10-12
0,23852.513719638668,71504.37074262617,126593.18211621832,2022-10-13
0,-29106.66025150914,39607.312377796654,60795.16096159227,2022-10-14
0,50740.73052093643,101862.72246387869,20185.80759782289,2022-10-17
0,2299.537501824676,48863.020922387885,-18537.38685820893,2022-10-18
0,22586.425399544583,74966.06236973654,-41192.545213288664,2022-10-19
0,-5512.553247009492,11897.746392594881,-88393.47327373104,2022-10-20
0,28021.546069051667,-50865.407606456145,-123347.63603156267,2022-10-21
0,1371.3822359911649,-67970.83931177377,-174559.52039262245,2022-10-24
0,27055.203333366422,-89635.30629831625,-169606.23652754328,2022-10-25
0,-37349.391165255875,-133680.53784113284,-179820.3121701558,2022-10-26
0,-69142.23767174398,-140510.8424221571,-144679.492097995,2022-10-27
0,11849.42739797929,-104111.97241895128,-90643.02987266672,2022-10-28
0,-23708.562614998347,-107078.10077388588,-17670.685987975452,2022-10-31
0,-22464.36731138748,-69619.15510849336,38165.598278869875,2022-11-01
0,-44070.98523793323,-45656.81964375991,61604.28525401266,2022-11-02
0,-29313.776560662933,-15219.291141119735,134697.77011400132,2022-11-03
0,9144.32829095692,109898.43113656041,151451.35394795428,2022-11-04
0,15673.10077017262,132534.1728041858,125524.62201159415,2022-11-07
0,3448.281801894098,115351.35028520088,100849.17372076918,2022-11-08
0,-14884.341718368509,135303.87120387118,77428.82661462222,2022-11-09
0,94091.91821630653,136172.59985713987,106624.59469297038,2022-11-10
0,30983.514448067595,24776.381510111496,23105.354009425868,2022-11-11
0,515.7387247413599,-12057.72566287185,-20982.867533307326,2022-11-14
0,21202.444907031768,-30163.126864732807,-35858.695926570676,2022-11-15
0,-14069.970774055257,-39024.835943570884,-63517.37823135689,2022-11-16
0,-13233.552421085278,-14674.303256147965,11035.932772978651,2022-11-17
0,-6029.764090779894,-14996.056289526188,34627.67725261874,2022-11-18
0,-17877.702643073746,-23485.865508661973,44516.457168423396,2022-11-21
0,11690.542294052844,-13740.941701826328,45637.00613373942,2022-11-22
0,11033.994293585438,37865.91577282482,-2371.3132537220117,2022-11-23
0,-13485.798686286875,36308.654729960246,-18265.465190894618,2022-11-25
0,-14645.216533045397,53864.886663404475,2947.4539401972816,2022-11-28
0,-8068.98036410803,52051.549554506855,20907.601246623846,2022-11-29
0,64505.499090446436,23385.704356317554,30669.043445951287,2022-11-30
0,9326.927299845242,-43908.200120027264,-9722.691816790413,2022-12-01
0,2816.056797830925,-45599.77542570163,-24411.06348048206,2022-12-02
0,-16727.92386668132,-46287.93096326253,-77086.93286016685,2022-12-05
0,-34338.96043915421,-27520.408506072952,-60397.13657270603,2022-12-06
0,-5181.469696132695,30432.88903523975,-49734.80884107324,2022-12-07
0,7828.154929696309,30160.47705971297,-38827.677215131946,2022-12-08
0,1924.0602152907545,-30056.28434616244,-26142.453533494638,2022-12-09
0,2536.3728021873076,-30493.389240248933,-48011.377169960906,2022-12-12
0,23295.790082255076,-56096.40408123893,-44229.481835657236,2022-12-13
0,-5371.796381695147,-72036.99728365376,-86213.6663412466,2022-12-14
0,-51033.53433818024,-47473.36739177293,-99452.81356103379,2022-12-15
0,859.0395400304208,-16515.59261471561,-17118.586425036203,2022-12-16
0,-23585.798015875138,-11596.586909378086,-15892.398370442399,2022-12-19
0,6090.400768758871,-9372.397188661394,14861.603231699162,2022-12-20
0,21195.556606065,-34808.44615774754,21135.700958783786,2022-12-21
0,-20582.973433965133,-21230.00756301056,-11654.550688085372,2022-12-22
0,6134.59119750388,1658.3221136686138,35276.81095347971,2022-12-23
0,-21428.719449474393,2138.778288457477,33177.17900133336,2022-12-27
0,-19705.728920089357,36901.15525391314,78596.96543248778,2022-12-28
0,35505.827795128345,45564.663556391504,123940.24245103136,2022-12-29
0,2287.6467041068754,35768.27290165535,93024.85956603309,2022-12-30
0,6398.883590086315,37431.6541890742,103615.22737869438,2023-01-03
0,12292.61993807072,52789.85709359561,84938.85824281083,2023-01-04
0,-11727.608751195214,62867.83579767731,64980.17398474408,2023-01-05
0,26315.479915366734,83090.6555673918,76700.91631653052,2023-01-06
0,4156.778855272931,68083.18004913944,95372.64268869211,2023-01-09
0,20915.90427284796,52470.41766977831,116181.24334889771,2023-01-10
0,22286.114764983424,24292.78052772738,92174.172242746,2023-01-11
0,7003.10630080256,1168.5985398035718,64457.38231587448,2023-01-12
0,11968.146093358278,38265.61189837805,76423.31640560359,2023-01-13
0,-10178.781223187572,50292.75941595848,80369.32568249364,2023-01-17
0,-6517.212601272412,60110.43008293305,66095.18021973241,2023-01-18
0,-758.7973335391102,62490.83865586154,87983.45637747161,2023-01-19
0,44555.5615789892,83327.05575924017,109720.30306358969,2023-01-20
0,23452.39087376675,53255.028746701355,155302.37054468726,2023-01-23
0,-995.2902861300408,5329.788851470218,104075.33375175679,2023-01-24
0,-4175.08270639793,20605.81805181958,92342.65125572769,2023-01-25
0,18701.71638730572,44332.52113014577,119680.5201854933,2023-01-26
0,15731.704153672177,113983.10670893533,64556.58045330741,2023-01-27
0,-23217.543588974466,71650.05618255604,23985.148761009565,2023-01-30
0,13878.691243903886,84503.32438539709,32953.3865185303,2023-01-31
0,18788.212290850213,91140.64948380928,40418.166130982536,2023-02-01
0,85976.67295551556,38669.14810614844,21172.75353598919,2023-02-02
0,-21476.858498000292,-64329.639864036006,-51307.773746515,2023-02-03
0,-12172.657989486099,-58500.302422561625,-52208.85925830496,2023-02-06
0,19335.293795371552,-27171.94985195926,-47171.863543344174,2023-02-07
0,-28858.93639338988,-44843.40989789716,-86453.565084351,2023-02-08
0,-22448.99536206591,-8565.651455432922,-59420.545196886604,2023-02-09
0,-14639.396169071617,-8101.72984466782,-43814.80767388592,2023-02-10
0,20529.201978776407,-482.7728086274568,-47445.52764767441,2023-02-13
0,202.23493771502058,-43102.0422873803,-60485.02280821259,2023-02-14
0,8464.15906520079,-43329.77126883659,-54404.31143379239,2023-02-15
0,-22010.838350265363,-57294.09008927009,-74999.9111408953,2023-02-16
0,-6987.959491266105,-53525.9307240856,-49381.33238307133,2023-02-17
0,-23035.10734271102,-40835.11687901667,-12461.236640072439,2023-02-21
0,-73.65185869055404,-11767.769246912174,12927.669169775421,2023-02-22
0,-6501.310516871231,-25296.34043318542,3976.4370881921086,2023-02-23
0,-18155.620542161912,-14029.37922677325,16244.073667667204,2023-02-24
0,6594.761866018393,35537.117344315935,11073.262792519949,2023-02-27
0,6569.93618794625,31442.84601938035,-10639.165164838909,2023-02-28
0,-13864.63373415644,15272.80451510723,-7612.0428554206555,2023-03-01
0,4975.817180010083,35592.88784607303,36093.52854096046,2023-03-02
0,31136.796580619204,6596.6857168760835,49147.137093363875,2023-03-03
0,2225.9864243286884,-38965.22810464644,50210.13245042323,2023-03-06
0,-8980.048997162343,-31584.311615894087,33128.0241692137,2023-03-07
0,6137.088451201527,5855.41943791419,45277.20823629685,2023-03-08
0,-23277.45631378842,17713.803073107636,61015.42047271706,2023-03-09
0,-15403.844171525634,75856.8671346347,65890.79275935305,2023-03-10
0,9890.024246290093,77310.74362395698,111609.77499485656,2023-03-13
0,29250.11556306653,69658.25173568151,108282.0823285281,2023-03-14
0,18033.592678622303,61189.47908490732,64093.31457196936,2023-03-15
0,32474.71846901917,22985.184314338476,34170.33065202951,2023-03-16
0,-13846.58705595972,17579.63420040697,22957.39311146172,2023-03-17
0,2879.4164821448185,39179.31672664836,48958.855384642215,2023-03-20
0,20827.438343377027,23864.020417818974,65747.21417828367,2023-03-21
0,-18780.221541759263,-7079.462938676036,49056.01146697996,2023-03-22
0,27816.13265777396,33907.14137322329,73138.28283392602,2023-03-23
0,6810.004755344746,16444.313538818456,29225.75388409024,2023-03-24
0,-11821.380250346727,28600.854038876503,35327.58885439926,2023-03-27
0,-10383.891785935915,45147.545711769984,39371.49848124339,2023-03-28
0,21129.62253328016,59696.94959035293,41107.35636239003,2023-03-29
0,10611.066130849898,23588.181149062057,8677.042703178055,2023-03-30
0,19060.06452756469,26393.63598994987,34911.15675982418,2023-03-31
0,4273.676633018276,-1081.8920230110944,14412.184066164918,2023-04-03
0,3428.1044353268962,-14069.892226397133,-1108.783008887644,2023-04-04
0,-13620.654842692338,-27999.865417150737,-6734.633770161105,2023-04-05
0,13130.62153804505,21576.26268741987,3947.029157653892,2023-04-06
0,-8010.007547072374,7154.21955084691,-10707.21158416161,2023-04-10
0,-8773.138890851598,4203.045809152507,2894.399639018754,2023-04-11
0,-10855.77894235347,11042.784774943062,13042.411174543793,2023-04-12
0,36902.660305093734,19063.263103359703,1963.9895486838905,2023-04-13
0,-1193.054786879422,-18809.955851977727,-28453.939980234176,2023-04-14
0,-10946.989327058584,-12089.958259790983,24010.00782628311,2023-04-17
0,-2096.0272884460246,-218.4987294521652,31978.341912159616,2023-04-18
0,-3237.7713539379356,-19859.993835590016,25659.19759003304,2023-04-19
0,-1491.2655566427234,-11459.727035892362,20008.13315788788,2023-04-20
0,5579.2549177577275,42589.625646487744,19838.510954203022,2023-04-21
0,1156.4215871463762,34144.75762320255,9066.92431484718,2023-04-24
0,-21663.828527279096,24646.537445123573,22857.277210765445,2023-04-25
0,5295.725448048029,37948.28315615737,55333.302531456204,2023-04-26
0,53183.849466838015,30408.065966044152,49327.8103052092,2023-04-27
0,-2747.3655706336567,-26879.727821364148,15285.50311280654,2023-04-28
0,-8638.95989767232,-9343.347824659138,38822.82713825778,2023-05-01
0,-8648.556801308558,9227.949568675798,40869.07141669332,2023-05-02
0,-1735.9779870781626,17584.197764405933,51035.209706573594,2023-05-03
0,-5056.994613635315,38290.78539359089,61505.76396087544,2023-05-04
0,15088.871981483213,64450.729414819616,81296.73301506486,2023-05-05
0,9711.210819063934,41369.796337306245,100371.62396369808,2023-05-08
0,-408.25200794509306,32505.397611296532,80846.56139928417,2023-05-09
0,18548.894988389406,41497.157747335375,83471.0203375353,2023-05-10
0,19954.82643644399,36079.75021353834,50279.185530720715,2023-05-11
0,-7266.114417427125,48516.28650990034,37369.64482427747,2023-05-12
0,1463.4174206845457,48013.45948939325,47384.98824790846,2023-05-15
0,8001.372775393014,48633.326478261464,79420.6662123006,2023-05-16
0,13534.055612608012,27500.719342142125,83565.66992390495,2023-05-17
0,32708.14609349568,21628.88741008805,68039.67566600085,2023-05-18
0,-7702.372251109531,-8230.457351092486,52977.186260674134,2023-05-19
0,1917.7059886606867,31240.47416765643,64765.87453768078,2023-05-22
0,-12305.469976807903,41117.728112144425,66189.337317671,2023-05-23
0,7690.716155740616,53105.235866627365,80711.38473553213,2023-05-24
0,2382.3904098749476,64166.537347402846,47462.54555533016,2023-05-25
0,31920.55147326425,65574.57185996507,59620.425221757316,2023-05-26
0,11262.542286467276,35440.36927748524,31688.498741385767,2023-05-30
0,-1048.5325273931596,25302.34973685026,37197.592130657424,2023-05-31
0,18416.755574669092,2475.40107997801,44121.58749823873,2023-06-01
0,3429.390890080637,-2585.1276213626766,29510.333486906206,2023-06-02
0,3049.9694119574783,-934.1306677600394,40228.62910923147,2023-06-05
0,1395.2157675098024,12989.60299701484,23358.783740353123,2023-06-06
0,-23127.828452198424,17613.215073817515,26294.73340070822,2023-06-07
0,13182.3320145786,45753.8316102121,36146.4749607322,2023-06-08
0,4920.961461942838,46294.487554071224,40325.39885380222,2023-06-09
0,17110.18881835389,27452.49601911616,35981.27017932362,2023-06-12
0,5495.360909918171,14135.709689968302,-3961.522239445752,2023-06-13
0,4089.9759018706745,-4845.920166141273,3484.6835978999793,2023-06-14
0,13803.715797914705,8494.848717531182,8337.762636163297,2023-06-15
0,-13038.972623280324,-4838.940761429869,-11959.827895952407,2023-06-16
0,3859.7215724480543,-13919.256554306256,20773.81563578819,2023-06-20
0,-13436.143065719836,-5306.0106223057655,14090.455366302627,2023-06-21
0,17505.975838533865,17331.21746053957,38311.37591702562,2023-06-22
0,457.16792844686006,-6544.956114220668,10383.108912710028,2023-06-23
0,-21910.785014081528,12626.505926160082,8187.180138407892,2023-06-26
0,12493.667946563037,32453.62595705452,23179.968602738067,2023-06-27
0,9419.988188398178,30339.080409651207,16140.112610049035,2023-06-28
0,-6555.383262443258,10288.28710054012,24337.55351755607,2023-06-29
0,19659.92343987431,15304.824178533994,52030.32468266361,2023-06-30
0,-2687.2846435890774,-11744.731048742775,26966.08783401852,2023-07-03
0,10364.841794717662,-3468.6195801907365,35287.328527781705,2023-07-05
0,-10153.0949727678,3445.6041423212105,33606.47001939873,2023-07-06
0,-1609.5471338711423,34312.07188555059,51509.75488948581,2023-07-07
0,-7593.046690100692,31182.120403462817,9775.124320290919,2023-07-10
0,5641.450593155157,44846.58442615223,7607.772737123752,2023-07-11
0,17333.019101300066,48062.21332783475,2224.111272098186,2023-07-12
0,20356.5473577245,37292.020777369806,-10173.900930467516,2023-07-13
0,-4541.206599635374,-24940.597977442085,-19038.653586708886,2023-07-14
0,5596.786332973411,-30196.70650035546,-11428.404325660258,2023-07-17
0,8991.070856409215,-35366.37632190893,11371.86097991448,2023-07-18
0,6841.607333862326,-38871.227814169724,7748.372293451934,2023-07-19
0,-40651.88704830334,-34097.54137046086,-2139.2980657220187,2023-07-20
0,-9862.137939573617,9750.587979822309,16245.080538822069,2023-07-21
0,213.64819757654936,48980.129612138524,26088.016295253958,2023-07-24
0,4557.150107430749,53304.795313410264,31109.139763276275,2023-07-25
0,11013.524282107815,45129.20895470167,41031.25417327703,2023-07-26
0,3470.5036520188273,10416.077541012362,23468.032727133796,2023-07-27
0,28651.81573234796,6793.765343638302,3288.3305005681123,2023-07-28
0,4975.365135166592,-16051.935108979927,-23001.527933406393,2023-07-31
0,-3244.937162292803,-7364.252147505536,-34626.78463860438,2023-08-01
0,-22584.68079954215,-10098.01802944387,-18050.47840117639,2023-08-02
0,-277.84984968170806,-3721.8061429709833,-8830.346157238162,2023-08-03
0,5284.916048114419,-1832.2936500690666,-24224.900567851066,2023-08-04
0,13633.93625253909,-13934.73314617018,-43301.50217093899,2023-08-07
0,-5888.428962613063,-13975.451245513654,-60558.98734734902,2023-08-08
0,-16383.955913278995,-21474.01605053572,-44313.637824530815,2023-08-09
0,1726.3018028644228,-20609.743314491803,-25613.45461937038,2023-08-10
0,-6762.394038419519,-36481.867865641456,-4618.294990616576,2023-08-11
0,13469.962525355346,-34695.16525887851,-27554.94167793631,2023-08-14
0,-13409.848765300474,-36566.755371201674,-32085.285453760192,2023-08-15
0,-15517.827954173357,-20582.205385466612,-11564.428106144129,2023-08-16
0,-14679.630838566227,17962.25324196224,27712.109806703185,2023-08-17
0,-4705.424886831794,2594.7120077499694,49974.97929040262,2023-08-18
0,11573.791488663495,16084.47415728911,60289.09712928476,2023-08-21
0,2925.1046636189876,12131.49038808718,52752.77582304225,2023-08-22
0,23288.42615428723,33070.08028616401,55313.43987242777,2023-08-23
0,-29590.64928964111,16046.913050336994,16852.783969331915,2023-08-24
0,8697.481728885508,52537.84810960421,45429.364205533304,2023-08-25
0,7582.883533357077,47881.00887524968,38488.87734462915,2023-08-28
0,23669.485571334637,45689.14938880524,48050.64824662605,2023-08-29
0,6434.408576456908,7302.659007538014,6380.182323042891,2023-08-30
0,5281.12224596801,-1387.1758464038348,-2580.8314191723584,2023-08-31
0,4241.65739680308,-4657.542953209577,-5407.48004305858,2023-09-01
0,5436.076721732499,7959.465136003111,-26645.417928937786,2023-09-05
0,-13856.459261187858,-14524.1090297493,-27723.062130254635,2023-09-06
0,-2454.29712369773,-3446.0000423627225,-14024.77004084732,2023-09-07
0,2042.3112506803423,1503.9997733434138,-33393.63937511707,2023-09-08
0,16806.5325570951,-17918.34502648174,-54101.366782523684,2023-09-11
0,-17078.823686054497,-30281.861225713277,-69009.49616212069,2023-09-12
0,-3217.7173296271294,-13347.292961945837,-43591.168622965146,2023-09-13
0,2410.0687196779745,-32081.748463376793,-60351.17987319124,2023-09-14
0,-16901.132519716935,-52726.945174987595,-63182.20692897774,2023-09-15
0,3965.0227003467835,-35952.1189894051,-40880.38933344724,2023-09-18
0,270.0900193692478,-30346.3452339707,-46270.09835466643,2023-09-19
0,-22044.730685032635,-50945.354591643234,-29950.707767453758,2023-09-20
0,-19131.01959118307,-29978.427414208327,-25160.93118443608,2023-09-21
0,502.6937437084977,-4701.118542900602,6448.896188480321,2023-09-22
0,10006.098416752437,-6687.996821356478,2482.008571436967,2023-09-25
0,-20983.157433171153,794.454880917097,14481.621732049734,2023-09-26
0,-365.61566880996384,4465.870866685852,43834.779328432334,2023-09-27
0,6372.451465761838,17628.39682922055,40599.860200965,2023-09-28
0,-1312.2975572324624,7752.174537196322,42993.01439561638,2023-09-29
0,17534.247906168537,31304.230288417166,39365.93592897733,2023-10-02
0,-17359.014800193734,21062.19043061835,3593.4187261372426,2023-10-03
0,12737.318640230194,35503.23133185086,35650.33432845799,2023-10-04
0,-3413.2625893395407,31381.81843202565,18802.852873776166,2023-10-05
0,21925.35381440848,29666.725406130816,3168.837779390628,2023-10-06
0,7454.572405707732,-9833.630577110982,7720.389992195415,2023-10-09
0,-3556.8399281196243,-3462.4615960187393,-13924.320908794078,2023-10-10
0,8559.740033794511,-3831.1526556273902,670.909683541694,2023-10-11
0,-5037.450783646725,-30842.285213927604,2543.590891455634,2023-10-12
0,-17234.527402045936,1843.5987165810739,-34070.199362905376,2023-10-13
0,13860.064760190566,5171.711478871977,-40801.485885295486,2023-10-16
0,-3726.750611376061,1935.7545432586958,-38008.2948304689,2023-10-17
0,-3726.750611376061,1935.7545432586958,-38008.2948304689,2023-10-18
0,-3726.750611376061,1935.7545432586958,-38008.2948304689,2023-10-19
0,-3726.750611376061,1935.7545432586958,-38008.2948304689,2023-10-20
0,-3726.750611376061,1935.7545432586958,-38008.2948304689,2023-10-23
0,-3726.750611376061,1935.7545432586958,-38008.2948304689,2023-10-24
0,-3726.750611376061,1935.7545432586958,-38008.2948304689,2023-10-25
0,-3726.750611376061,1935.7545432586958,-38008.2948304689,2023-10-26
0,-3726.750611376061,1935.7545432586958,-38008.2948304689,2023-10-27
